{"background_mode": "knee", "peak_width_limits": [2, 8], "max_n_peaks": Infinity, "min_peak_amplitude": 0.0, "peak_threshold": 2.0, "freq_range": [2.0, 60.0], "freq_res": 1.0, "power_spectrum": [4.746758781458678, 4.627052524052487, 4.54181956721164, 4.4607968107612415, 4.594024267485402, 4.998173527358669, 5.152045322050457, 4.880552890546634, 4.3683061531203995, 4.11106439608152, 4.0281092658985065, 4.025794605191418, 4.120965237913011, 4.194244282468883, 4.208085246007368, 4.164972254531788, 4.00564935590438, 3.8594142905328304, 3.79712028250883, 3.76855903623576, 3.7486802357234863, 3.7340799448426027, 3.7575551053560874, 3.7425983167726278, 3.715642135144659, 3.656963118711042, 3.6227524937132687, 3.6028115687536237, 3.570766668159671, 3.547883566112521, 3.5386728189540975, 3.5226788598022414, 3.501195878816641, 3.4617812457134844, 3.4279676152450604, 3.411476845017525, 3.3785668582504704, 3.354041895204767, 3.324244308155369, 3.3154705981042514, 3.2710064948397766, 3.257064238497388, 3.2469259067142846, 3.2098470537481436, 3.171799114673607, 3.1572928207328332, 3.147170631311105, 3.123748395645179, 3.098870128299314, 3.0992592503039647, 3.097022482738154, 3.054231760046978, 3.0247314272820103, 3.0303489565297874, 3.0130741570865296, 2.9882328172901076, 2.961823090531626, 2.9737980472146432, 3.0125723366597916], "background_params_": [6.356201730426844, 47.55498744371684, 1.8878942750773007], "peak_params_": [[7.989205987871694, 0.8222232598645576, 2.0640736303204807], [16.28722249693835, 0.246259742159741, 2.3736403891839517]], "r_squared_": 0.9934534031082382, "error_": 0.03703475081109539, "_gaussian_params": [[7.989205987871694, 0.822268232361401, 1.0320368151602404], [16.28722249693835, 0.25357795492944135, 1.1868201945919759]]}